[
  {
    "name": "teach node",
    "startTime": 1723205664605,
    "endTime": 1723205705143,
    "duration": "40.54"
  },
  {
    "name": "another task",
    "startTime": 1723205733681,
    "endTime": 1723205752298,
    "duration": "18.62"
  },
  {
    "name": "a third task",
    "startTime": 1723205769630,
    "endTime": 1723205779214,
    "duration": "9.58"
  },
  {
    "name": "Do stuff",
    "startTime": 1723206652329,
    "endTime": null,
    "duration": null
  },
  {
    "name": "Do stuff",
    "startTime": 1723206723779,
    "endTime": null,
    "duration": null
  }
]